gameId,creationTime,gameDuration,seasonId,winner,firstBlood,firstTower,firstInhibitor,firstBaron,firstDragon,firstRiftHerald,t1_champ1id,t1_champ2id,t1_champ3id,t1_champ4id,t1_champ5id,t2_champ1id,t2_champ2id,t2_champ3id,t2_champ4id,t2_champ5id
5033371371,1720174818901,1687,14,2,1,2,2,2,2,2,102,140,70,114,60,78,17,27,16,87
5033359650,1720170804966,1991,14,2,1,1,2,2,1,2,22,140,40,94,26,101,55,113,5,87
5024437093,1718967533168,1146,14,2,2,2,2,2,2,2,51,110,43,86,3,158,27,58,5,168
5024422659,1718964193954,2201,14,2,2,2,1,1,1,1,1,160,17,93,24,77,32,144,136,168
5024418552,1718962287409,1578,14,1,2,1,1,1,2,1,1,66,41,64,2,13,55,92,89,100
5024396183,1718956265344,1775,14,2,1,1,2,2,2,2,84,124,120,157,17,140,54,83,92,99
5024387020,1718954458140,1375,14,2,2,2,2,2,2,2,1,25,40,72,41,159,9,32,14,134
5034124534,1720292347402,1550,14,1,2,2,1,1,2,1,28,99,26,50,32,63,53,55,81,89
5034113203,1720290445882,1581,14,1,1,2,1,1,1,1,95,115,50,150,70,163,9,116,99,106
5034100413,1720289139895,932,14,1,1,1,2,2,1,2,28,97,65,70,76,151,10,82,115,127
5024651667,1719007913445,2659,14,1,2,1,2,1,2,1,17,38,58,64,4,144,20,92,126,147
5023451135,1718843876041,1500,14,1,1,1,1,2,1,1,1,139,41,58,24,144,55,113,18,71
5023425374,1718842014718,1426,14,2,2,1,2,2,1,2,5,111,15,43,4,32,9,158,85,87
5023379291,1718837877486,1493,14,2,2,2,2,1,1,1,98,154,48,85,78,144,32,113,75,106
5023360752,1718835637462,1928,14,2,2,2,2,2,2,1,138,153,43,99,11,144,20,45,136,147
5022828980,1718763123805,1648,14,2,1,2,2,2,2,2,1,21,26,72,17,45,53,137,75,87
5057196097,1721757734561,1595,14,2,1,2,2,2,2,2,88,125,19,120,26,69,10,20,115,127
5055586655,1721692942224,1572,14,2,2,2,2,2,2,2,46,83,64,93,47,76,53,55,49,100
5055491488,1721690722433,1643,14,2,2,2,2,2,2,2,25,38,26,93,12,69,53,82,10,16
5054929753,1721672975858,1879,14,2,2,1,2,1,1,1,12,28,43,120,24,88,20,55,71,99
5053314239,1721606085413,1767,14,1,2,1,1,1,2,2,66,77,26,142,8,158,20,55,103,140
5053244010,1721604495763,1290,14,1,2,1,2,2,1,2,40,104,31,62,45,163,20,27,16,116
5050254041,1721510303601,1895,14,1,2,2,1,2,1,2,46,119,48,62,3,128,10,20,81,89
5046818046,1721408639674,1704,14,1,2,2,1,1,1,2,84,153,19,94,69,73,20,32,81,116
5044298918,1721335878237,1634,14,1,2,2,2,1,1,1,77,140,64,154,4,133,20,116,89,136
5044218570,1721334097424,1469,14,2,2,2,2,2,2,1,1,135,129,142,2,146,9,74,16,87
5039867065,1721090862733,1113,14,1,2,1,2,2,2,1,28,139,6,150,76,86,9,54,136,168
5038378550,1720895151711,926,14,2,1,2,2,2,2,2,70,139,162,168,2,76,10,53,5,16
5036771162,1720660849974,1659,14,1,2,1,1,1,2,1,88,139,43,153,112,152,74,113,100,136
5036403364,1720591601398,1071,14,2,2,2,2,2,1,2,135,139,114,142,96,159,55,74,36,136
5034479108,1720327251673,1184,14,2,2,2,2,2,2,2,25,139,118,150,129,130,82,164,18,75
5032674287,1720070708659,1631,14,1,2,1,1,1,1,1,25,139,114,149,130,151,123,164,18,75
5031674659,1719946208731,1969,14,2,1,2,2,2,2,2,44,139,62,64,47,60,54,155,111,166
5031075096,1719860042263,1497,14,1,1,1,1,1,2,2,28,139,120,135,148,163,53,74,17,118
5030845150,1719810872188,1471,14,1,2,1,1,1,1,1,88,140,150,154,7,137,32,53,57,127
5053505692,1721610626944,1986,14,2,1,2,2,2,2,2,98,108,84,149,101,146,53,165,14,16
5053384403,1721607914940,1848,14,1,1,1,1,1,1,2,108,119,50,58,24,36,54,141,16,87
5053186395,1721603239470,1829,14,1,2,1,1,1,2,1,21,51,62,95,35,140,82,145,17,75
5053108560,1721601446912,1398,14,2,2,2,2,2,2,1,78,95,6,150,13,74,20,82,85,116
5051175055,1721531270355,1624,14,1,1,2,2,2,2,2,117,119,64,109,12,158,32,165,45,107
5051008135,1721527917664,2810,14,2,1,2,1,1,2,2,77,153,6,162,12,163,53,116,99,107
5050871640,1721524963227,2107,14,1,1,2,1,2,1,2,46,104,41,150,35,165,54,82,81,100
5038142792,1720847665213,1928,14,1,1,2,1,1,2,1,25,88,40,72,69,158,82,146,76,99
5038099315,1720844431910,1760,14,1,2,2,1,1,1,1,28,84,41,94,76,151,32,125,17,136
5038054251,1720841123673,1889,14,2,1,1,1,2,1,1,128,135,70,93,3,140,54,125,18,136
5035993442,1720550850657,1114,14,2,2,2,2,2,2,1,38,44,142,153,22,36,54,55,17,100
5010728384,1717278379705,1353,14,1,1,1,1,2,2,1,117,131,114,124,24,163,74,92,126,168
5008834606,1717035715842,1800,14,1,2,2,2,2,2,2,68,117,48,72,78,112,27,145,5,98
5008803037,1717033263022,2112,14,2,1,2,2,2,1,2,68,153,19,30,45,52,20,82,89,127
5008773066,1717031134870,1646,14,2,2,2,2,2,2,2,1,77,50,65,2,45,10,56,107,136
5007881358,1716922975285,1435,14,2,1,2,2,2,1,2,21,34,70,132,4,45,53,116,18,89
5004544258,1716519556437,1281,14,1,1,1,1,2,1,1,73,153,132,142,112,158,20,53,76,162
5004505430,1716517117978,2137,14,2,1,2,2,2,2,2,21,67,111,142,140,156,9,24,75,87
5004466299,1716514410752,2048,14,2,1,1,1,1,2,1,98,119,31,70,59,137,20,24,81,87
5051951729,1721552384347,1935,14,2,2,2,2,1,2,2,40,125,6,64,88,152,55,164,16,71
5033122837,1720142298125,1251,14,1,1,1,1,2,1,1,99,154,70,118,146,158,20,67,87,136
5033096999,1720139780638,1650,14,1,2,1,1,1,2,2,47,119,58,65,97,101,24,82,115,126
5033071430,1720137650730,1631,14,1,1,1,1,1,1,1,28,160,149,150,148,158,55,125,136,168
5028390907,1719481917938,1945,14,1,2,2,1,1,2,2,28,38,6,62,45,73,27,54,70,168
5026558114,1719240572487,1470,14,2,1,2,2,2,1,2,117,153,132,150,2,158,9,55,17,136
5026549242,1719238497936,1651,14,1,1,2,1,1,2,1,51,117,153,157,29,76,53,164,89,127
5026541323,1719236378693,1678,14,1,1,1,1,1,2,1,77,145,64,153,2,125,10,54,136,149
5026472657,1719215096241,1002,14,2,2,2,2,2,2,1,21,139,26,168,4,24,53,82,45,76
5057357705,1721764439518,2032,14,1,2,1,1,1,2,1,38,135,40,70,158,163,10,164,14,136
5056045312,1721702299696,2237,14,2,2,1,2,2,2,1,38,154,50,114,36,76,53,125,75,85
5039456773,1721019617826,2379,14,2,2,2,1,2,2,2,38,51,5,17,22,45,32,54,7,96
5038657428,1720924070429,1190,14,1,1,1,1,2,1,1,3,164,44,111,76,125,55,116,36,82
5035219953,1720420467507,1612,14,1,1,1,1,1,2,1,111,119,62,114,67,160,32,123,14,168
5035204092,1720418551124,1514,14,2,2,2,2,2,2,2,28,38,58,62,69,137,54,123,14,49
5035178860,1720415792546,1656,14,2,1,2,2,2,1,2,1,117,62,94,28,36,20,53,14,126
5035149598,1720413690301,1680,14,1,1,1,1,1,1,1,28,153,26,62,86,132,10,55,14,76
5035137801,1720411950929,1037,14,1,1,1,2,2,1,1,3,153,48,62,47,76,20,54,18,81
5010729228,1717278432507,1494,14,2,2,2,2,2,2,2,44,97,106,118,29,47,53,142,76,134
5010721780,1717277062490,1028,14,1,1,1,1,2,1,1,134,142,72,85,145,10,76,135,165,146
4998763423,1715835092249,1711,14,2,1,2,2,2,1,2,117,122,118,135,147,158,44,74,14,142
5056878941,1721732961126,927,14,2,2,2,2,2,2,2,34,52,62,150,12,45,55,115,5,97
5056855999,1721729711680,2306,14,2,1,1,2,1,1,1,37,42,64,93,76,159,53,113,89,161
5056827061,1721726708623,2458,14,2,2,2,2,2,2,2,111,160,120,129,45,158,20,165,77,161
5056814863,1721725674854,581,14,1,2,2,2,2,1,2,111,135,85,118,84,89,54,74,76,87
5056780252,1721723190571,1756,14,2,2,2,2,2,2,2,22,32,118,162,11,78,12,55,90,99
5029124284,1719599904691,2314,14,2,1,2,1,1,2,2,1,154,41,162,8,17,20,53,10,116
5028951256,1719557247734,2241,14,1,1,1,2,1,2,2,25,159,48,132,2,163,54,145,87,116
5028653029,1719531533023,1596,14,2,1,2,2,2,1,2,25,154,41,106,150,69,82,20,123,45
5028633859,1719529263379,1708,14,1,1,1,1,1,2,1,23,61,83,150,78,158,32,55,89,100
5028605764,1719526109769,1751,14,1,2,2,1,1,2,1,23,143,93,118,112,151,82,123,116,156
5010215148,1717211534355,1877,14,2,1,1,2,2,1,1,66,138,26,58,88,147,53,141,81,168
5010176389,1717209179859,1605,14,2,2,1,1,2,2,2,38,43,49,72,4,88,53,54,87,156
5007488438,1716863285485,2129,14,1,1,2,1,1,1,1,138,143,64,114,11,77,53,74,87,103
5007457079,1716861162147,1637,14,2,2,1,2,2,2,2,119,122,62,94,24,148,58,145,89,103
5006760898,1716781043743,1474,14,1,1,1,1,1,2,1,77,138,26,142,69,158,10,24,89,126
5006716481,1716778780137,1969,14,2,1,1,2,2,2,1,61,122,114,118,13,132,10,53,81,166
5005273687,1716608868795,1901,14,2,1,1,2,2,2,2,138,159,64,124,69,152,32,67,75,127
5005241643,1716606585551,1843,14,1,2,1,1,1,1,1,23,135,64,132,133,139,27,53,5,89
5005219973,1716604749308,1464,14,1,2,1,1,1,1,1,63,122,64,132,22,151,54,155,16,89
5004579512,1716521939531,1698,14,1,2,1,1,1,2,2,25,122,48,150,45,159,74,113,81,136
5055239118,1721683672901,1790,14,2,1,2,2,2,2,2,98,99,50,70,45,60,55,137,87,116
5055161969,1721681360647,1610,14,2,2,2,2,2,1,1,51,95,149,154,163,165,55,74,71,136
5054154996,1721624253535,1924,14,1,2,2,1,1,2,2,28,160,64,84,61,76,9,53,49,71
5044497145,1721340377884,1829,14,2,2,1,2,2,1,2,25,110,6,42,15,24,55,74,36,81
5043215552,1721289036401,1922,14,1,1,2,2,1,2,1,88,158,120,149,36,52,12,137,71,136
5040697006,1721196621575,1790,14,2,1,2,2,2,2,1,21,34,26,118,4,36,55,125,5,71
5040676740,1721194157022,1548,14,2,2,2,2,2,2,1,88,120,62,70,71,60,132,9,32,76
5040016776,1721102028252,1823,14,2,2,2,2,2,1,2,110,119,48,168,86,101,55,116,49,89
5056042612,1721702308869,1532,14,1,2,2,1,2,1,1,119,129,50,163,3,47,54,155,75,136
5034153363,1720295936286,1609,14,2,2,1,2,2,2,2,98,121,31,149,69,132,74,137,5,127
5034135125,1720293227649,1443,14,1,1,1,1,2,2,1,77,121,30,43,137,147,55,82,16,136
5034125756,1720291544196,1253,14,1,1,1,1,2,1,1,28,46,120,162,36,69,137,164,49,141
5034083811,1720285362751,1701,14,1,1,1,1,2,2,2,38,119,29,120,22,73,53,74,71,100
5033765439,1720234718594,2173,14,1,1,1,1,1,2,1,28,42,65,72,158,167,20,55,75,87
5033652065,1720224344636,1436,14,2,2,2,2,2,2,2,117,143,58,80,76,167,54,74,5,100
5033636006,1720222680706,1260,14,2,1,2,2,2,1,2,42,98,30,111,93,163,54,137,5,131
5033619977,1720220797729,1531,14,1,1,1,1,1,1,1,37,97,48,111,23,29,74,141,71,87
5030078123,1719717783291,2158,14,1,2,2,1,1,1,1,84,97,65,150,76,78,55,74,81,87
5055820475,1721697868465,1657,14,1,2,1,1,1,1,2,38,154,41,70,12,58,74,116,16,81
5054676341,1721659270494,1929,14,2,2,1,2,2,2,2,38,39,31,118,45,163,10,55,16,100
5053942798,1721619299560,1200,14,1,1,1,1,2,1,1,38,84,15,41,82,11,111,155,5,103
5053852713,1721617489010,1286,14,1,1,1,1,2,2,1,28,38,17,64,12,158,32,115,57,168
5052676881,1721590696342,2610,14,2,1,2,1,2,2,1,38,122,58,118,135,59,158,53,54,116
5051541155,1721538762747,1646,14,2,2,2,2,2,1,1,38,108,43,98,135,11,129,27,54,127
5051426655,1721536405118,1697,14,1,1,1,1,1,2,1,38,125,58,142,7,165,53,137,89,100
5051236059,1721532418359,1778,14,1,1,1,1,1,2,1,25,38,120,168,156,167,32,55,136,166
5054229498,1721626426535,1325,14,1,1,1,1,2,1,2,46,119,93,120,36,78,145,164,75,161
5054149236,1721624188752,1963,14,1,2,2,1,2,2,2,66,153,64,162,40,76,55,74,17,81
5054002377,1721620666258,2089,14,2,2,2,2,1,2,2,1,119,118,142,35,163,55,164,99,161
5051995542,1721555208136,1773,14,1,1,1,1,2,2,2,40,143,64,86,12,36,55,164,89,103
5051967299,1721553154386,1405,14,2,2,1,2,2,2,2,40,131,62,150,2,167,32,155,81,115
5051903190,1721549502621,1587,14,2,1,2,2,2,2,2,40,46,70,84,60,78,55,74,100,127
5051840388,1721547027977,1846,14,1,1,2,1,1,2,2,40,68,19,51,2,74,82,164,89,127
5051783580,1721545107331,1366,14,1,1,2,2,2,2,2,40,139,133,135,12,163,20,54,76,87
5051653428,1721541446217,1348,14,2,1,2,2,2,1,1,40,152,15,43,36,68,32,164,49,136
5051566757,1721539194080,1633,14,1,2,1,1,1,1,1,12,40,64,80,3,158,32,164,49,116
5057337991,1721763462405,102,14,2,2,2,2,2,2,2,23,61,50,142,60,162,32,125,71,161
5057192547,1721757889773,1446,14,2,2,2,2,2,2,2,117,131,58,120,69,146,32,164,49,122
5057143360,1721755489840,1467,14,2,2,2,2,2,2,2,39,77,17,41,4,32,141,164,36,135
5057076887,1721751522352,1812,14,2,2,1,2,2,2,1,23,119,51,150,11,133,27,32,14,87
5057032464,1721749287727,1614,14,2,2,1,2,2,1,1,1,131,80,150,129,140,27,55,89,106
5056992522,1721746424697,2187,14,2,1,2,2,1,2,2,84,131,120,150,12,26,53,54,71,136
5056974845,1721744441270,1434,14,1,2,1,1,2,1,1,51,131,62,153,140,148,20,55,71,75
5056936708,1721741368385,2260,14,1,1,1,2,2,1,2,12,131,118,150,47,69,74,82,115,161
5056925822,1721739188841,1847,14,2,1,2,1,1,1,1,23,88,43,72,129,139,27,32,85,168
5017264759,1718071576557,2121,14,2,2,2,2,2,1,2,3,99,72,124,2,24,10,54,116,136
5017227470,1718069416637,1749,14,2,2,2,2,2,1,1,37,63,41,132,19,24,10,123,17,103
5017207786,1718067457458,1295,14,2,1,2,2,2,1,2,1,57,132,162,24,41,10,54,87,136
5017166366,1718064681359,1438,14,1,1,2,2,1,1,1,63,160,83,153,24,137,22,54,79,87
5017148338,1718063034673,1307,14,2,2,2,2,2,2,2,25,61,43,72,35,159,24,54,71,116
5017115699,1718060566260,1596,14,2,2,2,2,2,2,1,1,39,80,85,24,45,123,145,16,89
5014537496,1717732956281,1238,14,2,1,2,2,2,1,2,46,61,150,162,4,130,54,128,100,106
5014509206,1717730751561,1667,14,1,1,1,1,1,2,2,21,38,62,93,3,140,20,54,32,57
5014445765,1717726236881,2489,14,1,2,1,2,2,1,2,52,122,35,70,36,88,54,123,136,168
5033759856,1720233781635,1577,14,2,1,2,2,2,2,2,97,159,41,43,141,167,10,53,71,116
5033737009,1720232040350,1309,14,2,1,2,2,2,1,2,124,159,19,83,13,59,53,123,71,166
5033659039,1720225043267,917,14,1,1,1,2,2,1,2,1,25,110,150,11,60,9,55,49,131
5033110796,1720141282100,890,14,2,2,2,2,2,2,2,66,159,65,72,76,137,32,155,126,168
5033064997,1720136355344,1573,14,2,2,2,2,2,2,1,21,23,62,72,29,38,10,164,118,127
5033049110,1720134590155,1126,14,1,2,1,1,2,2,1,47,159,26,72,86,140,10,74,16,49
5033037167,1720133358570,914,14,1,1,1,2,2,1,1,28,159,17,111,129,137,123,141,75,161
5033017543,1720131517645,1347,14,2,2,2,2,2,1,2,39,159,19,30,63,156,54,55,14,166
5033001209,1720129296897,1688,14,1,2,2,1,1,2,1,118,159,94,157,2,132,10,144,57,81
5027178590,1719321604602,1694,14,1,2,2,1,1,1,2,1,86,6,62,29,167,54,158,57,75
5027179825,1719319202885,1410,14,1,1,2,1,1,2,1,88,117,43,118,26,159,54,158,36,49
5027171987,1719316532488,2138,14,2,1,1,1,1,1,1,38,122,62,64,69,74,20,141,36,75
5027164425,1719314656106,1389,14,1,1,2,1,1,1,2,27,38,6,41,2,32,116,141,81,102
5027163089,1719312593655,1621,14,2,1,1,2,2,2,2,77,145,6,50,24,165,17,74,5,89
4998366354,1715806911031,2156,14,2,2,2,2,2,2,1,52,117,58,104,2,26,20,55,76,100
4998146679,1715765192618,1455,14,1,1,2,1,2,2,1,25,110,43,70,91,159,47,158,87,161
4998152874,1715763672797,920,14,1,1,2,2,2,2,2,145,151,70,154,29,103,32,67,79,102
4998141875,1715760872731,1959,14,1,2,1,1,1,1,1,102,117,64,129,17,130,10,67,45,90
4998129812,1715758659954,1807,14,2,1,2,2,2,2,1,1,47,48,150,2,7,113,141,75,136
5025730778,1719125736669,1763,14,1,1,1,1,1,2,2,102,108,65,118,69,146,55,125,89,100
5015890652,1717902963611,2041,14,2,2,2,2,1,2,1,51,139,109,129,77,151,55,137,100,124
5015868962,1717901099870,1382,14,2,2,2,2,2,1,2,3,153,62,150,19,163,116,156,100,166
5015834780,1717898614221,1663,14,2,1,2,2,2,1,2,13,44,80,111,78,122,92,155,89,107
5012448591,1717468929911,1871,14,2,1,1,2,2,1,2,61,160,124,157,2,152,27,55,100,166
5012420230,1717467017815,1421,14,1,2,1,1,1,2,1,39,117,65,124,132,158,32,123,81,103
5003189937,1716345429766,1866,14,2,2,2,2,2,1,2,38,88,29,30,45,137,54,74,99,100
5003157318,1716343583663,1429,14,1,1,1,1,1,1,1,17,27,70,105,45,159,20,137,100,126
5003121725,1716341480091,1418,14,2,2,2,2,2,2,2,21,111,17,142,63,137,24,53,10,100
5003088225,1716339002262,1551,14,1,1,2,1,2,1,1,47,110,51,119,76,140,17,116,100,115
5042726879,1721277864455,1088,14,2,1,1,2,2,2,2,66,110,50,120,7,101,17,32,115,166
5026969480,1719286523916,1573,14,2,2,1,2,2,2,2,28,110,29,153,17,76,141,144,89,161
5026563457,1719242055491,1521,14,1,2,2,1,1,1,2,21,154,42,114,73,133,55,125,89,100
5026451961,1719210974886,1709,14,2,2,2,2,2,2,1,34,51,30,153,59,151,20,145,76,87
5026437011,1719209563383,960,14,2,2,2,2,2,2,2,51,110,150,157,76,148,32,145,18,75
5026426157,1719208576582,574,14,2,2,2,2,2,2,2,110,135,70,118,40,90,55,125,5,127
5022878508,1718766673338,2004,14,2,2,1,2,2,2,1,23,110,6,15,29,148,82,141,18,116
5022339661,1718693116104,2228,14,2,2,2,1,1,1,2,110,135,150,153,69,86,55,82,87,89
5017143585,1718063004665,1685,14,2,1,2,2,2,2,2,25,122,29,42,140,163,20,27,76,87
5014691916,1717747981007,1754,14,2,2,2,2,2,1,2,1,25,26,31,36,129,20,32,57,136
5009260773,1717101627296,3265,14,1,1,1,1,1,2,2,1,135,79,118,20,130,53,144,103,115
5009069415,1717056424489,1718,14,2,2,2,2,2,1,2,52,77,124,132,45,69,54,141,89,115
5007742310,1716889387980,1388,14,2,1,1,2,2,1,2,19,77,48,72,96,158,20,113,5,76
5007536109,1716866176694,1278,14,1,2,1,1,1,2,1,117,140,72,118,26,36,20,113,89,116
5007504933,1716864174080,1360,14,2,2,2,2,2,2,2,70,143,29,93,11,146,53,74,161,168
5007464617,1716861990721,1708,14,2,1,1,2,2,2,2,68,110,6,30,63,133,32,144,103,115
5004053754,1716448598316,1314,14,1,1,1,2,2,2,1,37,97,15,42,3,148,20,53,76,117
5004031785,1716445725365,2368,14,1,2,1,1,1,2,1,3,114,26,132,60,139,27,113,106,115
5044509918,1721340657957,1220,14,1,1,1,2,2,1,1,1,142,29,129,77,101,27,32,57,116
5022387138,1718700742805,748,14,1,2,1,2,2,1,2,124,143,31,70,137,151,27,55,81,116
5022166641,1718679247045,2008,14,1,2,1,1,1,1,1,21,52,70,109,96,156,10,17,116,168
5021623276,1718603340766,2038,14,2,2,1,1,1,2,1,1,72,29,50,137,151,10,65,75,118
5021605892,1718601447304,1482,14,2,2,2,2,2,2,2,97,117,62,72,35,137,10,53,14,87
5020216079,1718444184985,1050,14,1,1,1,1,2,1,1,21,52,15,132,129,148,17,53,76,100
5020207989,1718442021503,1632,14,2,1,2,2,2,1,1,21,52,64,91,26,163,20,55,57,76
5013155333,1717555928546,1421,14,1,1,1,2,1,1,1,84,145,105,114,38,148,10,82,75,87
5013123745,1717553506319,1918,14,1,2,1,1,1,1,2,51,52,41,150,13,130,55,155,71,89
5010075923,1717201446461,1437,14,1,2,1,1,2,1,1,21,145,62,150,2,76,27,146,71,136
5038040611,1720840305127,2496,14,1,2,2,2,2,2,2,104,121,83,94,13,78,27,125,89,168
5023991660,1718920763006,909,14,1,1,1,2,2,1,2,108,112,70,124,2,148,55,164,5,147
5003983585,1716441676096,2111,14,2,2,2,2,2,2,2,39,98,77,129,36,45,10,53,116,156
5003943482,1716438364083,1736,14,1,2,2,1,2,1,2,47,108,91,149,100,156,54,113,103,119
5003877105,1716433530137,1199,14,1,1,1,1,2,1,2,1,159,105,132,129,163,54,94,75,87
5055760491,1721696657252,598,14,2,2,2,2,2,2,2,119,143,109,118,12,163,54,147,156,116
5055674913,1721694778506,1328,14,1,1,1,1,2,2,1,1,153,109,124,12,146,82,141,49,116
5055557272,1721692114834,2165,14,2,1,2,2,1,2,2,25,88,93,109,12,116,54,67,49,71
5055500313,1721690839783,988,14,1,2,2,2,2,1,1,51,98,41,93,12,116,54,113,71,128
5055418843,1721688606099,1253,14,2,1,2,2,2,2,2,70,84,109,142,4,45,32,141,57,128
5050746067,1721522092981,1410,14,2,2,2,2,2,2,2,77,109,6,80,73,129,53,54,81,103
5050641048,1721519763796,1775,14,2,2,1,2,2,2,1,83,97,93,157,2,112,17,20,57,116
5050549192,1721517588473,914,14,1,1,1,2,2,1,2,46,117,51,104,156,164,17,55,71,87
5050468548,1721515647931,1555,14,2,2,2,2,2,1,1,108,159,150,168,36,69,67,123,57,116
5050376444,1721513447109,1482,14,2,2,2,2,2,2,2,37,145,41,109,12,45,10,55,18,57
5050234783,1721509774588,2323,14,2,1,2,1,1,2,1,122,125,64,114,76,132,9,10,118,127
5048589748,1721448470061,1126,14,2,2,2,2,2,2,2,1,110,17,50,129,139,53,67,71,81
5039277794,1721005271420,1566,14,1,1,1,1,2,1,1,111,145,30,58,2,73,53,55,107,116
5039243311,1721002895632,1745,14,1,2,2,1,1,1,2,23,28,43,154,45,130,10,54,87,116
5039146039,1720993525216,1118,14,2,1,1,2,2,2,2,38,40,72,93,76,130,10,20,71,136
5039124805,1720991263548,1626,14,2,2,2,2,2,2,2,77,111,17,154,45,120,54,141,127,168
5039089680,1720988842038,1775,14,1,2,1,1,1,2,1,51,145,80,133,40,45,82,125,5,87
5037834788,1720820234076,2057,14,2,1,1,1,1,1,1,110,117,72,91,73,163,32,55,71,100
5037818955,1720818420625,1307,14,1,1,1,1,2,2,1,47,138,84,154,73,129,32,55,96,100
5037795050,1720816034286,1562,14,2,2,2,2,2,1,2,110,139,91,132,17,73,74,82,10,100
5037166375,1720725911885,1175,14,1,1,1,1,2,1,1,28,160,70,142,67,73,32,54,75,127
4994878908,1715372631738,2102,14,2,1,1,2,1,1,2,109,143,15,95,2,11,125,168,85,128
5051988920,1721554332587,1822,14,2,1,2,2,2,2,2,39,61,80,83,35,129,74,125,75,128
5051955854,1721552074116,1741,14,1,2,1,1,1,2,1,39,159,80,83,29,156,27,32,71,100
5051741941,1721543710180,1563,14,2,2,2,2,2,1,2,77,152,42,118,88,101,145,165,18,99
5057135646,1721755159621,1369,14,2,1,2,2,2,2,2,1,124,15,42,12,133,32,155,89,115
5056614899,1721715601802,2017,14,1,1,1,1,1,1,2,25,97,118,154,99,158,55,113,73,136
5056532318,1721713195100,1986,14,1,2,1,1,1,2,1,84,117,70,154,12,99,141,164,87,136
5056455639,1721711173819,1407,14,2,2,2,2,2,2,2,42,88,115,154,162,11,69,20,125,136
5056408818,1721709865883,918,14,2,1,2,2,2,2,2,42,61,51,154,69,108,20,145,14,136
5055732484,1721696131007,955,14,1,1,1,2,2,1,2,12,38,58,118,69,90,32,155,71,115
5055658167,1721694438595,1298,14,1,1,2,2,2,1,2,25,159,15,70,2,86,32,123,14,126
5035139638,1720412837134,1321,14,1,1,1,1,2,1,1,25,28,41,85,2,69,55,144,57,89
5035105831,1720409450588,1545,14,2,2,2,2,2,2,2,25,160,26,85,2,3,9,55,18,161
5034533095,1720331902906,1628,14,1,1,1,1,1,2,2,44,139,42,153,3,158,20,164,5,116
5034507249,1720329600519,1548,14,1,1,1,1,1,1,2,117,153,6,42,137,147,9,113,75,89
5033886817,1720243807987,1862,14,1,2,2,1,1,1,1,46,135,85,124,45,140,32,145,75,116
5033860987,1720241772781,1339,14,2,1,2,2,2,2,2,46,51,85,142,140,159,74,155,71,103
5031417063,1719893350790,2453,14,2,1,2,2,2,2,2,25,46,124,168,8,133,53,132,71,100
5031069662,1719860336784,1869,14,1,2,1,1,1,1,1,51,95,6,42,80,163,55,82,124,168
5031058147,1719857861674,2111,14,2,2,2,1,2,2,1,38,112,85,124,2,159,67,164,81,161
5030195741,1719726973520,1740,14,1,1,2,1,1,2,1,21,66,40,85,2,94,32,164,49,81
5056620758,1721715746887,1898,14,1,1,1,1,1,1,1,10,98,19,120,26,125,74,164,5,134
5054318559,1721629340108,1841,14,1,2,2,2,1,1,2,21,38,64,114,11,32,20,116,126,127
5048955243,1721455858999,1532,14,2,2,1,2,2,2,2,3,47,43,80,78,108,54,158,127,159
5048837138,1721453216811,2011,14,2,2,2,2,1,2,2,34,108,50,64,45,69,9,20,90,156
5048749649,1721451575924,1242,14,2,2,2,2,2,2,1,84,108,31,41,12,38,54,155,49,76
5048639902,1721449387198,1803,14,2,1,1,2,2,1,1,25,98,114,118,36,158,53,125,57,76
5048520892,1721447270409,1751,14,2,1,1,2,2,2,1,25,28,62,72,86,156,55,92,1,87
5048403463,1721445260150,1401,14,2,2,2,2,2,1,2,34,38,62,80,12,60,53,54,49,75
5056374271,1721709144784,1941,14,1,2,2,1,1,2,2,38,160,41,150,22,76,20,53,10,89
5055453364,1721689713884,2041,14,1,1,2,1,2,1,2,1,117,62,120,11,159,9,10,18,89
5055354104,1721687090694,1832,14,2,1,2,2,2,1,2,25,46,70,120,29,146,9,54,18,75
5054261404,1721627351483,1992,14,1,2,2,2,2,2,2,21,135,120,162,3,45,53,82,71,75
5048951400,1721455841692,2440,14,2,1,2,1,2,2,1,99,110,41,142,45,84,55,155,71,103
5042918354,1721281530303,1423,14,1,2,1,1,2,1,1,19,23,29,41,12,88,54,137,71,136
5041587002,1721259069793,1566,14,1,2,1,1,1,1,2,21,154,15,41,69,120,25,27,127,136
5040352593,1721166151253,1511,14,1,1,2,2,1,1,2,108,159,64,94,69,130,54,55,57,161
5040341929,1721164005522,1645,14,1,2,1,1,1,1,1,110,153,41,154,120,140,32,125,100,116
5056616567,1721715802245,1857,14,2,1,1,1,2,1,1,88,122,149,150,151,158,20,146,5,17
5056539658,1721713415363,1618,14,2,2,2,2,2,2,2,38,131,15,72,12,17,54,125,49,81
5056475277,1721711628289,1176,14,1,1,2,1,2,2,1,1,88,15,64,29,77,10,20,87,147
5056405976,1721709852248,1465,14,2,2,2,2,2,2,1,77,98,132,159,29,47,54,55,81,88
5056260180,1721706547279,1767,14,2,2,2,2,2,2,2,12,51,31,133,11,163,9,67,75,87
5056154372,1721704506227,1684,14,2,1,1,2,2,2,1,79,131,64,118,158,159,10,53,115,116
5055820162,1721697847182,1765,14,1,1,2,1,1,2,1,90,140,64,72,28,77,9,144,161,168
5055738150,1721696139767,1173,14,1,1,1,1,2,1,1,28,98,64,149,78,86,54,113,99,100
5055606455,1721693339485,1558,14,1,2,1,1,1,1,1,34,46,41,72,22,156,54,82,89,107
5055483697,1721690536182,1628,14,2,2,2,2,2,1,2,39,122,41,70,12,148,113,137,81,116
5056025755,1721701789418,1691,14,1,1,1,1,1,1,1,97,98,41,104,69,129,32,76,89,126
5055927049,1721699907070,1091,14,1,1,1,1,2,2,1,1,25,29,64,68,116,92,123,79,99
5054853792,1721669637601,1694,14,1,2,2,1,1,2,1,88,111,109,120,4,76,55,141,18,89
5037919509,1720830267892,1357,14,1,1,1,2,1,2,1,38,88,142,149,97,116,54,123,18,103
5037895723,1720828035506,1620,14,1,1,1,1,1,2,1,139,154,153,157,159,167,74,82,81,87
5053882075,1721618220343,2480,14,2,2,2,2,2,1,2,21,84,114,157,77,132,32,164,75,100
5053737977,1721615286223,1805,14,2,1,1,2,2,1,1,108,110,114,157,2,130,10,54,75,81
5053571268,1721611835323,1646,14,1,1,1,1,1,1,1,25,99,149,153,26,76,10,54,81,107
5046153232,1721371027910,1363,14,1,1,1,2,1,1,1,63,119,80,101,12,35,10,20,87,100
5046133622,1721370630403,104,14,2,2,2,2,2,2,2,50,154,29,108,35,129,20,55,34,100
5046017409,1721367798552,2206,14,1,2,2,2,2,2,2,34,119,6,163,26,77,27,155,71,126
5045948567,1721366344953,1103,14,2,1,2,2,2,2,2,34,39,30,120,45,69,20,53,18,71
5042995347,1721283039098,2493,14,1,2,2,2,1,2,1,135,145,48,93,60,146,32,55,71,131
5042912756,1721281259588,1508,14,2,2,2,2,2,1,2,1,83,29,118,129,156,155,164,71,136
5042399523,1721272614201,1679,14,2,1,2,2,2,2,2,21,108,117,157,11,60,32,113,17,71
5042371680,1721272230430,104,14,1,2,2,2,2,2,2,77,139,26,64,130,158,10,20,148,156
5042247123,1721270237001,1545,14,2,1,2,2,2,2,2,47,102,72,105,45,96,27,53,6,136
5041888894,1721264554369,983,14,2,2,2,2,2,2,2,1,108,64,163,35,130,53,55,5,71
5032756942,1720080005153,1555,14,2,2,2,2,2,1,1,131,143,93,154,2,11,54,82,45,136
5032734712,1720077658381,1962,14,2,1,1,2,1,2,1,23,131,70,93,10,146,54,74,81,87
5055744157,1721696277321,1701,14,1,2,2,1,1,1,2,39,153,15,58,7,32,17,141,14,87
5052788002,1721593591722,103,14,2,2,2,2,2,2,2,34,143,6,168,45,137,82,155,103,106
5048280036,1721442971218,1689,14,1,1,1,1,1,2,2,21,121,64,168,60,76,54,125,49,79
5048146113,1721440559880,1887,14,2,1,2,2,2,2,1,108,142,72,168,76,78,20,92,32,103
5035083648,1720408136425,1995,14,1,1,2,1,1,2,2,21,25,70,168,24,133,32,141,75,115
5051443067,1721536615259,1811,14,2,2,1,1,1,2,1,25,117,23,150,3,12,10,115,71,89
5049059615,1721458641179,1306,14,1,1,2,1,2,2,2,98,117,50,142,12,60,32,92,88,134
5046714581,1721404506978,974,14,2,2,2,2,2,1,2,37,117,64,142,36,76,10,164,81,136
5046687237,1721403151559,912,14,2,2,2,2,2,1,2,25,117,72,142,12,22,10,74,104,136
5046649356,1721401286539,933,14,2,1,2,2,2,2,1,98,162,111,168,130,158,53,141,115,119
5046616531,1721399376227,1557,14,1,2,2,1,1,2,2,77,154,109,142,3,76,82,125,83,115
5045380517,1721356539309,2788,14,2,1,2,1,1,2,2,12,108,29,118,129,132,67,144,75,136
5044909347,1721348537590,1655,14,2,2,2,2,2,2,1,117,162,41,70,12,163,20,55,85,166
5044442049,1721339218158,2436,14,1,2,2,2,1,2,2,99,117,72,162,45,158,74,113,87,100
5039430921,1721017680960,1299,14,2,2,2,2,2,1,2,34,117,29,80,35,163,32,141,18,89
5013530194,1717619422481,1626,14,2,1,2,2,2,2,1,37,153,29,91,3,36,10,24,18,115
5013508798,1717616369413,2017,14,2,2,2,2,1,2,1,46,83,15,65,22,152,27,125,134,147
5013216558,1717560219323,1604,14,2,2,2,1,2,2,2,46,119,26,84,140,159,32,55,49,81
5013172464,1717557304087,1693,14,1,2,1,1,1,1,1,25,153,6,157,45,78,9,54,127,168
5013149936,1717555114116,1642,14,1,2,2,1,1,2,1,21,153,15,72,38,69,32,155,147,156
5012039474,1717425436872,1674,14,2,1,1,2,2,2,1,117,153,17,50,13,156,9,54,8,116
5012031328,1717422737545,1398,14,1,1,1,1,1,1,2,46,153,64,70,11,151,116,125,81,126
5011567091,1717370249741,1653,14,2,2,2,2,2,1,2,46,121,64,93,35,45,9,74,71,87
5010347606,1717220803344,1956,14,1,1,2,1,1,2,2,46,98,41,132,2,76,55,113,16,89
5010330959,1717219057666,1171,14,1,1,1,2,2,1,1,77,135,40,118,158,159,9,53,89,156
5033137434,1720144236004,2489,14,2,2,2,2,2,2,2,86,111,94,132,76,137,53,54,99,106
5033122309,1720142750629,971,14,1,2,2,2,2,1,2,28,61,6,104,86,163,82,141,106,131
5033111805,1720141298643,939,14,2,1,2,2,2,2,2,143,158,62,94,86,159,54,141,71,75
5032730343,1720076478546,1773,14,1,1,1,1,1,2,1,34,88,64,118,2,96,9,10,5,126
5032714745,1720074121967,1993,14,2,2,1,2,2,2,1,102,139,62,93,17,22,53,54,8,131
5032679594,1720071380898,2218,14,2,1,2,1,1,2,2,52,77,29,43,59,148,32,54,115,156
5032654542,1720069220589,1692,14,1,1,1,1,1,1,1,4,102,43,79,13,128,10,67,129,131
5031387817,1719890939930,1183,14,2,2,2,2,2,2,1,110,139,64,120,22,36,10,141,75,131
5031365340,1719889403130,1093,14,1,1,1,1,2,1,1,38,119,72,149,3,60,10,141,87,131
5031331357,1719886931343,1882,14,2,1,2,2,2,1,2,108,160,26,64,46,69,55,56,16,131
5053939203,1721619269899,1750,14,2,2,2,2,2,2,2,1,61,43,142,20,147,82,141,75,106
5052481257,1721585254996,1555,14,2,2,2,2,2,2,2,40,102,94,150,12,20,54,123,75,136
5052417522,1721583374329,1492,14,2,2,1,2,2,2,2,138,143,91,94,20,24,113,165,71,119
5050399266,1721513923618,1781,14,2,1,2,2,2,1,2,47,143,62,72,2,130,32,141,75,127
5050333474,1721512373269,957,14,2,2,2,2,2,2,2,21,63,70,163,26,69,32,53,36,161
5034460319,1720325896710,2009,14,2,2,2,2,2,1,2,28,121,58,85,90,137,55,164,18,71
5034434063,1720323683235,1756,14,1,1,1,1,2,2,1,95,143,17,19,129,163,22,55,10,103
5057275543,1721761294702,1704,14,1,2,1,1,1,1,1,88,110,58,64,76,129,20,53,49,136
5054838362,1721669147059,1502,14,2,2,2,2,2,2,2,145,162,93,120,151,159,54,55,48,75
5046945881,1721412829826,1252,14,1,1,1,1,2,1,2,55,99,114,142,148,152,32,145,103,161
5043941320,1721326753043,1107,14,1,1,1,1,2,1,1,37,38,120,124,77,129,10,54,131,168
5040875388,1721241065914,1583,14,1,2,1,1,1,1,1,40,108,15,120,11,158,27,145,87,136
5040848093,1721238907482,1565,14,2,2,2,2,2,1,2,84,143,64,142,61,88,10,164,116,161
5040261458,1721152972135,1629,14,1,1,1,1,1,2,1,1,98,150,168,45,140,10,141,89,161
5039681769,1721069740069,1619,14,1,1,2,1,1,2,2,121,145,104,168,4,158,55,74,81,116
5031893487,1719970395849,1573,14,1,1,1,1,2,1,1,122,158,43,64,146,151,55,125,105,136
5038785767,1720933605337,1916,14,1,1,2,1,1,2,2,23,108,132,150,32,59,53,123,18,89
5038772284,1720933072018,194,14,1,1,2,2,2,2,2,23,110,19,53,150,45,69,164,5,18
5038732694,1720930266815,2350,14,2,1,1,2,1,2,2,21,108,17,150,36,69,32,55,49,136
5038705336,1720927765507,2062,14,1,2,2,2,2,2,2,28,40,41,70,76,86,54,123,16,136
5038678822,1720925560929,1830,14,2,1,2,2,2,2,2,21,97,111,154,47,152,55,82,14,16
5037905831,1720828279897,1453,14,1,1,2,1,1,1,2,61,117,26,72,13,60,9,27,34,99
5032605851,1720064904226,1582,14,2,1,1,2,2,2,1,120,154,29,150,140,159,54,92,127,166
5031868816,1719967795552,2185,14,2,2,1,2,2,1,1,84,160,91,110,77,137,67,125,75,81
5032775720,1720086109070,469,14,1,1,2,2,2,2,2,143,152,94,154,19,101,145,155,87,100
5032769362,1720083380525,2283,14,1,2,2,2,1,2,1,38,101,6,19,7,11,55,116,126,136
5032760030,1720080618842,2320,14,2,1,2,2,2,1,1,24,38,58,91,11,35,32,74,16,100
5032749927,1720078732536,1373,14,1,2,2,2,2,1,1,138,158,29,41,3,162,145,164,49,100
5016838988,1718006841978,3124,14,1,1,1,2,2,1,1,37,84,41,58,45,60,10,74,57,87
4995373057,1715417727944,1490,14,1,2,2,1,2,2,1,102,110,17,65,36,137,54,74,75,87
4995357200,1715415492283,1911,14,1,1,1,1,1,2,2,25,110,93,114,7,132,55,141,71,168
4995339624,1715413294085,1653,14,2,1,1,2,2,1,1,42,118,70,104,78,147,144,145,115,161
4985508665,1714292518530,1213,14,2,2,2,2,2,2,2,1,34,91,129,69,76,20,32,89,115
5053934113,1721619397965,1374,14,2,1,2,2,2,1,2,111,153,43,50,96,163,10,55,18,136
5053817167,1721616934282,1435,14,1,1,1,1,1,1,1,21,42,150,159,11,101,55,164,71,89
5053670823,1721613861422,1490,14,1,1,1,1,1,1,1,47,72,42,150,137,146,10,55,49,106
5051181632,1721531508480,1386,14,2,2,2,2,2,1,2,117,139,64,149,22,152,74,87,155,168
5018128335,1718176221066,2317,14,1,2,1,1,2,2,2,25,111,62,118,45,123,82,168,16,157
5018123027,1718174551573,1370,14,2,2,2,2,2,2,2,97,124,23,50,13,130,53,55,76,100
5018100844,1718171687863,2318,14,1,1,1,1,2,2,1,23,153,31,70,146,156,27,53,89,99
5010286677,1717216351533,1328,14,1,2,1,1,2,2,1,84,98,64,150,17,61,123,164,103,106
5011681190,1717378486902,1956,14,2,2,1,2,2,2,1,39,145,70,162,36,159,20,115,76,156
5011012436,1717300973842,2100,14,1,2,2,2,2,2,2,47,139,72,118,36,130,10,164,100,161
5010984398,1717298994640,1413,14,2,2,2,2,2,1,2,1,111,64,109,36,61,10,74,71,87
5010960589,1717297544454,1054,14,2,1,2,2,2,2,2,153,154,79,80,36,159,9,125,10,75
5010938518,1717295876507,1169,14,1,1,1,2,2,1,1,38,139,129,150,36,159,10,24,71,161
5050746067,1721522092981,1410,14,2,2,2,2,2,2,2,77,109,6,80,73,129,53,54,81,103
5050641048,1721519763796,1775,14,2,2,1,2,2,2,1,83,97,93,157,2,112,17,20,57,116
5050549192,1721517588473,914,14,1,1,1,2,2,1,2,46,117,51,104,156,164,17,55,71,87
5050468548,1721515647931,1555,14,2,2,2,2,2,1,1,108,159,150,168,36,69,67,123,57,116
5050376444,1721513447109,1482,14,2,2,2,2,2,2,2,37,145,41,109,12,45,10,55,18,57
5050234783,1721509774588,2323,14,2,1,2,1,1,2,1,122,125,64,114,76,132,9,10,118,127
5049141633,1721461296545,919,14,2,2,2,2,2,2,2,144,164,65,150,36,130,54,55,75,168
5038004542,1720837625009,2190,14,2,2,1,1,1,2,1,37,152,64,93,76,140,54,74,75,136
5037992841,1720836143726,951,14,2,2,2,2,2,1,2,37,152,50,64,29,83,10,140,21,45
5037404418,1720751346592,1757,14,2,2,1,2,1,2,2,21,152,43,48,24,76,20,82,89,103
5037380657,1720749600378,1266,14,2,1,2,2,2,2,2,135,152,64,80,22,137,32,155,147,166
5035451821,1720473266401,1588,14,1,1,1,1,1,1,2,34,152,6,62,2,159,55,155,126,168
4921558987,1707870951244,2075,14,2,2,1,2,2,2,1,34,154,62,64,76,84,54,125,81,136
4917350908,1707513304288,1811,14,1,1,1,1,1,2,1,139,152,31,162,45,159,32,158,115,118
4917290285,1707508507163,1840,14,2,1,1,2,2,1,1,22,47,43,120,45,98,131,158,89,115
4914325865,1707253420189,2017,14,2,2,2,2,1,2,2,39,68,41,150,23,152,20,125,85,166
5057402995,1721765940186,1785,14,1,1,1,1,1,1,1,42,121,41,50,36,137,27,44,18,89
5057357384,1721764320297,1361,14,1,2,1,1,1,1,1,1,42,15,50,35,129,10,56,18,75
5057141519,1721755470831,2009,14,2,2,2,2,2,1,1,12,97,17,43,47,146,54,55,75,81
5041261883,1721252042184,1659,14,1,1,1,1,2,2,2,42,121,64,70,45,47,53,164,57,100
5041194886,1721250417726,1237,14,1,1,1,1,2,1,1,61,97,15,149,12,45,55,155,75,103
5041014071,1721245723927,2313,14,2,2,1,1,1,2,2,42,51,15,154,2,73,123,145,89,161
5040567203,1721185259245,1380,14,1,1,1,2,2,1,1,42,154,26,149,158,159,74,144,18,87
5040476934,1721178161472,103,14,2,2,2,2,2,2,2,1,42,6,17,163,167,55,74,136,161
5040453201,1721176357326,1435,14,1,1,2,1,1,1,1,42,77,6,118,1,159,74,155,18,136
5040425798,1721173429763,1645,14,1,2,2,1,1,1,1,34,42,62,70,29,76,54,82,71,81
5055903812,1721699478241,1627,14,2,1,1,2,2,2,2,1,117,65,93,35,130,20,32,76,168
5055777014,1721696939404,2234,14,1,2,1,2,1,2,1,21,25,93,162,12,130,20,116,76,115
5055701810,1721695340587,1154,14,2,1,2,2,2,2,2,52,68,72,162,36,130,20,32,76,116
5055605095,1721693281028,1734,14,2,2,2,2,2,2,1,77,111,70,149,130,140,20,53,71,76
5051509199,1721538077731,961,14,1,2,1,2,2,2,2,110,119,40,50,12,45,10,137,16,115
5051392510,1721535701300,1931,14,1,2,1,1,1,1,2,1,46,29,48,45,148,32,55,85,89
5051320516,1721534242382,1127,14,2,2,2,2,2,1,2,1,52,62,93,2,45,82,155,81,103
5051179771,1721531291461,2451,14,2,1,2,1,1,1,1,119,143,83,94,12,101,54,144,14,156
5051063969,1721528988633,1923,14,2,1,1,2,2,1,2,1,39,62,70,12,45,22,137,100,135
5050977086,1721527213087,1375,14,2,2,2,2,2,1,2,98,131,62,72,13,45,123,155,103,136
5056802689,1721725241610,1606,14,2,1,2,2,2,2,2,117,131,91,93,2,159,45,82,76,115
5056764669,1721722564926,2282,14,2,1,1,1,2,2,1,131,153,111,118,36,148,10,155,85,127
5056707931,1721719127662,2302,14,1,1,2,1,1,2,2,38,46,6,19,76,152,141,165,87,146
5054516956,1721639898451,925,14,1,1,1,2,2,1,2,12,36,62,97,133,153,74,98,75,161
5054486847,1721637338355,1662,14,2,2,2,2,2,2,2,24,117,15,58,53,165,55,137,10,76
5054433525,1721634246446,2124,14,1,1,1,1,2,2,2,23,38,31,142,40,148,32,125,36,76
5056681296,1721718169767,1901,14,1,1,2,1,1,2,1,12,129,58,118,74,86,125,141,87,161
5056544416,1721713519401,1742,14,2,2,1,2,1,2,1,39,117,17,19,81,130,125,158,23,89
5056346150,1721708497506,1806,14,2,2,1,2,2,2,2,88,125,93,120,2,146,12,55,77,106
5056232794,1721705918817,2176,14,1,2,2,1,1,2,2,121,122,93,94,90,98,55,164,12,107
5054109616,1721623252971,1488,14,2,1,2,2,2,2,2,51,153,19,154,73,146,10,53,98,116
5053421725,1721608759778,1928,14,1,1,2,1,1,1,2,46,117,70,168,47,158,45,54,57,87
5053280882,1721605536736,1482,14,1,1,1,1,2,2,1,46,143,72,114,76,167,55,113,71,85
5057372217,1721764967190,1688,14,2,2,1,2,2,2,1,21,108,6,150,11,148,55,89,49,115
5057311218,1721762631890,1888,14,1,2,1,1,2,2,2,51,98,65,94,12,78,27,32,14,106
5057099156,1721753091149,1798,14,2,2,2,2,2,2,1,3,51,64,154,47,153,32,55,100,131
5055430353,1721689182044,1939,14,2,1,1,2,2,1,1,3,51,30,93,78,159,53,164,57,136
5055362142,1721687372739,1368,14,2,1,2,2,2,2,2,51,153,6,142,2,148,54,113,71,136
5055283256,1721685088892,1658,14,1,2,2,1,1,1,2,51,88,15,109,35,69,53,141,49,166
5055201139,1721682557789,2220,14,2,1,2,2,2,2,2,1,40,28,118,41,148,32,54,16,75
5055121035,1721679942510,2098,14,1,2,1,1,1,2,1,38,51,72,120,60,146,54,55,57,126
5055049375,1721677797077,1396,14,1,2,1,1,1,1,1,1,51,70,139,61,151,32,55,16,79
5053900584,1721618336411,2159,14,1,2,1,1,2,2,2,12,51,41,154,17,160,55,82,87,111
5040199335,1721139162135,1628,14,1,2,1,1,1,1,1,3,21,19,26,139,151,20,32,77,106
5018258830,1718211244356,2310,14,1,1,2,1,1,2,2,21,23,26,91,139,167,17,20,71,87
5015544874,1717870235326,2001,14,2,1,2,2,2,1,2,22,40,80,114,110,139,27,45,75,89
5015517471,1717867449594,2423,14,1,2,1,2,2,2,1,34,131,80,91,57,139,74,123,81,157
5015504007,1717864869159,2149,14,1,2,1,1,2,1,2,38,117,124,142,36,69,55,164,5,18
5015488263,1717862709472,1749,14,1,1,2,1,2,1,1,111,143,118,149,26,163,10,54,16,87
5015474713,1717860938554,1375,14,1,1,1,1,1,2,2,1,46,25,29,22,45,54,123,124,136
5015469017,1717858862346,1676,14,2,1,2,2,2,2,1,4,135,139,149,2,130,32,123,124,168
5015460203,1717857518999,917,14,2,2,2,2,2,2,2,51,98,15,120,139,148,10,53,17,116
5014378629,1717721782243,2247,14,2,1,2,2,2,2,2,21,84,72,118,3,139,10,53,126,147
5043391952,1721297019077,1716,14,2,1,2,2,2,2,2,20,112,65,120,8,163,74,155,75,81
5043346600,1721294749079,1762,14,2,1,2,2,2,2,2,20,84,17,93,69,159,32,74,18,81
5009713112,1717142477669,1237,14,1,2,1,1,2,1,1,98,121,64,109,29,113,56,137,89,115
5008136140,1716947362594,1855,14,1,1,1,1,1,1,1,84,108,64,72,3,158,54,56,85,107
5008124566,1716946823793,150,14,2,2,2,2,2,2,2,1,84,41,64,77,96,20,56,49,75
5008106816,1716945052192,1337,14,1,1,1,2,2,1,1,135,153,42,105,74,163,20,56,126,156
5008064229,1716942263868,2042,14,2,1,2,2,2,2,1,1,110,31,64,35,46,56,92,90,136
5008038387,1716940058411,1824,14,1,1,1,1,1,1,1,108,109,72,105,11,159,53,56,45,89
5007736864,1716887223719,604,14,2,1,2,2,2,2,2,1,22,43,50,3,159,56,145,107,168
5055769182,1721697744157,1909,14,1,2,2,1,1,1,2,52,97,72,143,17,45,155,164,71,89
5055593607,1721694324772,2090,14,1,2,2,1,2,2,1,23,117,72,143,45,159,10,164,18,71
5055451549,1721689723570,1980,14,1,1,1,1,2,2,1,119,160,111,150,3,47,74,155,57,81
5053672782,1721613670808,1706,14,1,1,2,1,1,1,1,21,38,65,162,7,96,10,116,49,87
5053574850,1721611831241,1359,14,2,1,2,2,2,2,2,28,122,120,124,24,130,67,82,75,87
5047559824,1721428282606,1343,14,1,1,2,1,1,1,1,28,117,62,104,3,133,20,165,87,116
5047430095,1721425398488,2348,14,2,2,2,2,2,2,1,46,88,85,118,2,152,10,55,89,134
5044384893,1721337895447,1511,14,1,2,1,1,1,1,1,12,139,43,124,38,125,55,164,116,136
5041451352,1721256389299,1979,14,1,2,2,1,1,2,1,25,52,64,111,22,159,20,53,98,100
5056319852,1721707798881,1875,14,1,1,1,1,2,2,1,21,25,80,150,36,133,10,145,18,134
5056195377,1721705310925,1959,14,1,1,1,1,2,2,2,51,117,62,70,45,78,27,53,16,168
5055463453,1721689977988,1263,14,1,1,1,1,2,2,1,21,98,15,129,88,152,55,164,71,161
5055880992,1721699013341,1884,14,1,1,2,1,1,2,2,108,153,65,150,8,163,55,145,71,127
5055768298,1721696834775,1886,14,1,2,1,1,2,1,1,25,138,6,62,69,76,20,165,57,100
5055662156,1721694520261,1951,14,2,2,2,2,2,2,1,1,99,93,150,96,97,141,145,87,98
5035581106,1720486777321,1314,14,1,1,1,1,2,2,1,68,117,153,154,97,147,32,145,57,161
5035571255,1720486103351,114,14,2,2,2,2,2,2,2,77,84,93,154,13,29,54,123,18,103
5035547038,1720483927853,1701,14,2,1,2,2,2,1,1,98,122,42,72,97,159,54,141,127,147
5035518712,1720481764892,1369,14,1,1,2,1,1,1,1,25,83,142,154,22,97,10,55,126,136
5035504340,1720479877056,1546,14,2,2,2,2,2,2,2,135,151,65,154,46,97,32,164,87,124
5035486100,1720477779618,1791,14,1,1,2,1,1,2,2,40,88,6,168,97,158,32,54,89,100
5056502891,1721712278553,1326,14,1,1,1,2,2,2,1,21,34,93,111,17,36,32,55,57,89
5056416585,1721710237797,1474,14,2,2,2,2,2,2,2,84,145,17,132,4,36,53,55,18,168
5056400806,1721709644620,253,14,2,2,2,2,2,2,2,122,145,51,64,38,69,10,53,17,18
5024240634,1718941336224,1864,14,1,2,2,1,2,2,1,124,153,64,72,2,73,32,53,5,99
5024204566,1718938583025,2316,14,1,1,1,1,2,1,1,143,160,91,93,69,73,82,137,49,75
5024179865,1718936590418,1604,14,2,2,1,2,2,2,2,108,124,15,109,69,76,74,164,17,71
5024164712,1718935974731,105,14,2,2,2,2,2,2,2,1,122,64,72,11,45,54,144,76,78
5024138986,1718933652058,1983,14,1,1,1,1,2,1,1,34,152,70,111,24,132,17,74,87,99
5037651241,1720787992906,1390,14,2,2,2,2,2,2,2,1,108,58,168,40,77,9,54,71,100
5037364058,1720747884264,975,14,1,1,1,2,2,2,1,21,51,26,168,69,76,58,145,100,126
5037236995,1720735040140,1791,14,1,1,2,1,1,1,1,1,77,15,168,32,130,54,137,71,99
5037121560,1720718161636,2074,14,1,2,1,1,2,2,1,61,119,80,168,4,112,54,58,76,136
5037095005,1720710761855,2088,14,2,1,1,2,2,1,2,46,99,85,168,86,137,54,74,75,79
5037081101,1720707281583,1770,14,1,2,2,1,2,1,1,42,140,70,168,13,78,53,55,87,100
5036882981,1720669192581,1860,14,1,2,2,1,1,1,1,110,111,150,168,76,163,32,123,79,126
5036765237,1720660165523,1671,14,1,1,1,1,1,1,1,28,47,19,168,29,40,74,164,81,87
5032324815,1720038416764,1703,14,2,2,1,2,2,1,1,111,119,142,162,11,158,164,165,71,85
5027381487,1719355115542,1996,14,2,1,2,1,2,1,1,66,97,19,120,137,159,17,55,87,168
5026082912,1719181332467,2202,14,2,2,1,2,2,1,2,68,88,124,142,17,146,55,155,16,76
5026051532,1719178993079,1655,14,2,1,2,2,2,1,1,140,143,23,42,36,52,10,141,57,76
5026034480,1719177556559,926,14,2,2,2,2,2,2,2,51,68,114,132,45,137,55,144,107,136
5023332282,1718833284623,2190,14,1,2,1,1,2,1,2,51,108,17,80,52,132,123,141,75,168
5023309749,1718830359433,1622,14,1,1,1,1,1,1,1,66,140,15,64,52,76,20,27,98,136
5022529924,1718734276603,1108,14,2,2,2,2,2,1,2,77,98,6,50,26,158,53,54,49,87
5022500618,1718730549852,2052,14,1,1,2,1,1,2,1,25,139,29,70,52,148,32,55,71,106
5021914817,1718657851151,1043,14,2,2,2,2,2,1,2,19,38,51,162,52,76,32,164,87,127
5048785676,1721452296070,1734,14,1,1,1,1,1,2,1,61,146,62,149,36,76,32,55,57,71
5048657706,1721449881393,1909,14,1,1,1,1,1,1,1,12,25,62,93,125,163,53,55,70,71
5048541568,1721447730551,1696,14,1,1,1,1,1,1,1,12,38,70,150,35,36,32,55,49,71
5048415911,1721445379357,1909,14,2,1,2,2,2,1,2,51,63,19,64,77,133,32,158,71,100
5046106150,1721369832289,1678,14,2,2,2,2,2,2,2,44,97,118,162,133,152,55,158,71,114
5046011910,1721367531408,1826,14,2,2,1,2,2,2,1,12,83,62,154,76,133,10,146,89,115
5045934383,1721366045105,103,14,2,2,2,2,2,2,2,66,117,30,41,96,133,55,116,16,71
5045791512,1721363380898,2375,14,1,2,2,1,1,1,2,84,135,98,114,12,133,10,32,89,115
5045712139,1721361875560,1103,14,1,2,1,1,2,2,1,1,12,15,162,7,133,56,123,71,100
5057393228,1721765693185,1977,14,1,1,2,1,1,1,1,1,63,70,79,4,148,53,55,71,100
5057276177,1721761137803,1629,14,2,1,2,2,1,2,1,25,42,91,120,4,163,10,54,116,136
5057208567,1721758491169,1803,14,1,2,2,1,1,2,1,25,122,50,142,24,146,74,115,71,107
5057112680,1721754067405,2244,14,1,2,2,1,1,2,2,42,117,43,93,78,156,20,54,17,127
5057040974,1721749582143,1445,14,1,2,1,1,1,1,1,4,110,6,41,12,146,92,141,18,136
5057003789,1721746762574,1623,14,1,2,2,1,1,2,2,25,111,114,150,12,24,27,54,100,116
5056982076,1721745110012,485,14,2,2,2,2,2,2,2,12,138,62,70,38,137,11,45,10,117
5056167075,1721704619056,1646,14,1,2,1,1,1,2,2,25,46,85,120,4,156,20,53,76,131
5055618540,1721693602236,1525,14,1,1,1,1,1,1,2,110,145,17,58,12,159,82,125,81,87
5033945278,1720250709818,1127,14,2,2,2,2,2,2,2,66,120,64,94,76,137,55,74,49,89
5030780044,1719805363589,1139,14,2,2,2,2,2,2,2,139,153,30,65,76,130,54,125,5,89
5030748320,1719803029529,1695,14,2,2,2,2,2,2,2,40,68,111,133,24,45,10,82,81,161
5030728156,1719801441124,1298,14,1,2,1,1,2,1,1,38,99,93,111,32,130,54,55,14,71
5030701383,1719799860244,1235,14,2,1,2,2,2,2,2,61,110,31,91,11,125,27,155,5,136
5030677633,1719797969257,1166,14,2,2,2,2,2,1,2,28,121,65,105,59,151,53,74,76,87
5030657919,1719795801465,1752,14,1,2,2,1,1,2,2,84,98,109,150,76,158,32,53,87,168
5027610212,1719373431452,2244,14,2,1,1,2,2,1,2,38,153,93,111,69,167,55,74,81,147
5027094617,1719297673107,1491,14,2,2,2,2,2,1,2,1,21,91,162,38,158,20,82,81,116
5017297563,1718074195987,915,14,1,1,1,2,2,2,2,25,40,19,104,69,73,10,82,45,57
5053582838,1721611729686,1997,14,1,2,2,1,1,2,1,1,38,43,120,90,96,10,20,49,128
5053486509,1721609873458,967,14,1,1,1,2,2,2,1,21,25,15,142,137,151,20,116,6,128
5053369121,1721607305383,1807,14,1,1,1,1,1,2,1,110,142,6,121,148,158,54,125,100,136
5052341309,1721580608674,1649,14,1,2,1,1,1,2,1,23,68,43,142,24,147,53,123,81,126
5052293611,1721578838089,965,14,2,2,2,2,2,2,2,28,159,114,120,11,152,32,53,121,147
5048295824,1721443261101,1086,14,2,2,2,2,2,1,2,42,51,6,98,80,164,55,113,87,100
5045469976,1721357872346,1631,14,2,2,2,2,1,2,2,1,77,64,120,2,47,55,123,81,89
5039055109,1720983791261,1601,14,2,2,1,2,2,2,2,28,153,65,93,45,47,32,53,100,147
5039041707,1720983208794,107,14,1,2,2,2,2,2,2,1,25,17,162,29,148,74,123,5,81
5039020541,1720980415300,2417,14,1,1,1,1,1,2,2,28,99,26,72,69,74,20,32,57,147
5053794602,1721616591166,1499,14,2,2,2,2,2,2,2,61,162,120,150,11,86,125,165,71,134
5053686257,1721614182203,1602,14,1,2,1,1,1,1,1,28,119,17,93,147,156,54,125,49,71
5053525538,1721610987038,1406,14,2,2,1,2,2,1,2,84,138,43,120,7,22,53,54,71,99
5051234571,1721532481464,2248,14,2,2,1,2,1,1,2,122,131,50,160,125,146,20,92,76,147
5051155284,1721530896531,1220,14,1,2,1,2,2,1,1,135,159,62,160,147,165,55,74,71,156
5051014509,1721528318356,1657,14,1,1,1,1,1,2,1,28,42,30,70,45,130,32,55,12,89
5050885853,1721525499512,1748,14,2,2,1,2,2,1,2,46,61,50,114,76,146,10,141,87,136
5050525803,1721516920319,1551,14,2,2,2,2,2,2,2,51,111,91,114,27,165,155,164,103,136
5050435646,1721514947561,1478,14,1,1,1,1,2,2,1,38,46,118,153,45,129,56,165,89,117
5050359071,1721512907173,1237,14,1,1,1,2,2,2,1,46,138,149,162,86,165,55,113,136,168
5040377128,1721168487754,1902,14,2,1,2,2,2,2,2,88,99,41,72,73,83,27,54,14,136
5040359880,1721166452787,1340,14,1,2,2,1,2,1,2,68,98,55,132,133,167,10,32,106,136
5038278558,1720874671514,2008,14,2,2,1,2,2,1,1,1,117,62,150,72,86,55,164,71,161
5025384225,1719097873242,1731,14,1,1,1,1,1,2,1,135,143,80,150,101,129,27,54,103,106
5025289167,1719087784449,1835,14,1,2,2,2,2,2,1,119,143,31,48,96,148,55,155,106,116
5025270250,1719085661060,1739,14,1,1,2,1,1,1,2,25,102,6,142,45,69,113,123,16,136
5025260789,1719084243295,923,14,2,2,2,2,2,2,2,46,135,53,95,154,161,11,112,9,85
5025196956,1719076147480,1756,14,1,2,1,1,1,2,1,25,44,80,102,11,22,20,165,5,136
5025175938,1719072609835,965,14,2,2,2,2,2,2,2,25,46,31,157,32,45,17,54,87,136
5033575765,1720215585186,1815,14,2,1,2,2,2,1,1,23,25,43,142,137,163,32,55,124,168
5033558794,1720213374553,1733,14,1,2,1,1,1,1,2,79,108,80,150,146,163,53,113,147,162
5033529690,1720210712099,2202,14,2,2,2,2,2,1,2,38,51,62,65,11,35,32,123,89,126
5033514653,1720208895750,1354,14,2,2,2,2,2,2,2,52,159,120,162,76,132,24,55,100,136
5012007221,1717414112216,1455,14,2,1,2,2,2,2,2,42,77,43,162,159,163,54,144,8,97
4981309798,1713884846368,1560,14,2,1,2,2,2,1,2,124,153,15,17,29,60,32,53,18,103
4972623827,1713006594479,951,14,2,2,2,2,2,2,2,21,139,26,64,100,29,148,27,54,14
4959743293,1711702550364,1902,14,1,1,2,1,1,1,1,1,3,43,65,26,158,32,144,111,156
4959733181,1711700845516,1002,14,2,2,2,2,2,2,2,3,38,62,70,45,159,54,128,134,141
5007459226,1716861345224,1825,14,1,2,2,1,1,1,2,62,150,26,162,35,139,24,53,75,161
5005273687,1716608868795,1901,14,2,1,1,2,2,2,2,138,159,64,124,69,152,32,67,75,127
5005212239,1716604366457,2251,14,1,2,2,1,2,2,2,34,77,43,50,17,132,9,24,75,168
5003941951,1716437770450,683,14,1,1,2,2,2,1,2,23,108,50,65,69,151,27,141,87,127
5003886663,1716434470916,2150,14,1,1,1,2,1,2,1,77,121,114,153,152,159,20,27,81,85
5003845438,1716431585121,1841,14,2,1,1,2,2,2,1,38,122,29,132,47,112,9,24,81,116
5003743791,1716424078195,1894,14,2,1,1,2,2,2,1,9,25,64,109,76,90,20,74,81,87
5003712700,1716422096713,1455,14,2,2,2,2,2,2,1,117,143,19,43,101,163,9,55,49,136
5003691738,1716419643514,1537,14,1,2,2,2,1,1,1,38,47,26,118,3,24,27,53,49,87
5003525796,1716400771190,2131,14,1,1,1,1,1,2,2,23,38,50,72,76,78,27,53,49,77
5023538725,1718850461270,2079,14,2,2,2,1,1,2,1,21,152,19,72,2,45,32,53,10,14
5036869037,1720668359010,1694,14,2,2,1,2,2,1,1,88,153,118,129,29,125,53,82,71,89
5036374105,1720588209667,1431,14,1,1,1,1,1,1,2,88,159,26,129,4,32,10,55,5,89
5036350065,1720586057413,1780,14,1,1,1,1,2,1,2,28,47,15,105,60,140,53,55,87,156
5036327305,1720584376365,1340,14,1,1,1,2,1,2,1,23,37,118,129,2,78,55,164,71,127
5036276713,1720580618549,2240,14,2,1,1,1,1,1,2,25,117,19,129,111,159,17,32,14,71
5036272128,1720579913359,107,14,1,2,2,2,2,2,2,143,153,91,129,24,101,32,123,36,147
5036243515,1720577947557,1655,14,1,1,2,1,1,2,1,1,160,105,120,2,45,27,144,5,49
5036215286,1720575606429,2062,14,1,2,1,1,1,2,1,21,102,105,150,11,63,53,165,76,156
5025791074,1719136995471,1575,14,1,1,2,2,2,2,2,1,97,70,93,76,94,55,164,40,100
5025786122,1719135158723,1386,14,2,2,1,2,2,1,1,83,153,19,104,29,108,54,165,45,87
5032965536,1720125357121,1467,14,1,2,1,1,1,1,1,66,108,42,94,7,137,32,54,57,136
5032936776,1720120808140,1734,14,1,1,1,1,1,1,1,117,122,42,91,69,163,55,74,87,89
5032910855,1720117653409,1910,14,1,2,1,1,1,2,1,21,61,62,118,4,128,20,82,5,71
5031860996,1719967253365,2040,14,1,2,2,2,1,1,2,38,140,42,43,69,132,20,125,49,71
5031841035,1719965549839,1380,14,2,1,1,2,2,2,1,88,145,42,154,60,165,32,55,5,131
5031815328,1719963293739,1813,14,2,1,2,2,2,1,1,34,37,42,48,17,146,54,125,118,119
5051086260,1721529463945,1403,14,1,2,1,1,1,2,1,21,42,17,132,78,86,55,113,5,71
5050974955,1721527102878,1935,14,1,1,1,1,1,1,1,108,122,19,149,32,129,55,116,71,126
5050879290,1721525134795,1654,14,1,1,1,1,1,1,2,121,162,17,50,63,147,55,74,71,87
5050749221,1721522228776,2429,14,1,2,2,2,2,2,1,28,97,31,41,76,78,55,141,71,87
5048232978,1721442140582,1435,14,2,2,2,2,2,2,2,77,139,70,157,13,55,141,164,116,118
5048066025,1721439041381,2031,14,1,1,1,1,2,1,2,62,117,26,80,7,125,55,141,71,100
5047949258,1721436793774,1718,14,1,1,2,1,1,2,1,1,34,41,72,17,158,125,141,5,71
5045447689,1721357588230,1463,14,1,1,1,1,1,2,1,117,159,120,142,135,139,55,141,71,87
5045353040,1721356011396,1194,14,1,1,1,1,2,1,1,22,139,80,153,32,159,55,141,71,89
5041758164,1721262337559,1356,14,2,2,2,2,2,2,2,135,160,93,132,12,146,10,55,18,71
5017415619,1718083112700,1772,14,2,2,2,2,2,2,1,1,68,64,157,78,130,9,10,18,136
5016765311,1717997828953,1622,14,2,1,2,2,2,2,1,25,97,43,153,130,133,53,67,75,156
5016679856,1717990934726,2303,14,2,2,2,2,2,1,2,17,160,43,48,78,130,55,141,5,96
5016642352,1717988631069,1663,14,2,2,1,2,2,2,1,25,84,30,133,69,130,9,55,5,18
5016509222,1717979300978,2165,14,2,2,2,2,1,2,2,130,153,62,72,97,117,9,144,99,147
5015927177,1717905082592,2232,14,2,2,1,2,2,2,2,83,108,93,132,67,130,141,164,89,168
5015895756,1717902777642,1960,14,1,1,1,1,1,2,2,21,98,70,124,111,130,82,123,5,89
5015874770,1717901263129,1045,14,1,2,1,2,2,2,2,40,131,65,93,35,167,53,144,45,87
5015291298,1717825178151,1825,14,1,1,2,1,1,2,1,117,119,109,150,17,130,20,113,18,127
5056642901,1721716550698,1674,14,2,2,2,2,2,2,1,154,158,42,64,86,129,32,54,127,134
5056560296,1721713929729,1918,14,2,2,2,2,2,2,2,21,108,70,104,45,156,54,155,103,107
5056495727,1721712296262,1243,14,1,1,1,1,2,1,1,1,135,150,154,55,159,123,125,18,166
5056270713,1721706884725,1770,14,2,1,2,2,1,2,1,1,34,31,118,36,98,53,54,21,136
5054320527,1721629362236,1812,14,1,2,2,1,2,2,2,55,77,62,70,29,36,9,27,116,161
5054257510,1721627305892,1601,14,1,1,1,1,1,2,2,19,46,98,120,2,152,53,55,71,116
5054171171,1721624740263,2171,14,1,2,2,1,2,2,2,46,47,62,157,11,20,10,17,69,76
5054087298,1721622694212,1483,14,2,1,1,2,2,1,2,55,135,83,120,3,133,10,54,45,103
5052598503,1721588759715,2021,14,1,1,1,1,1,2,2,47,117,70,157,132,146,32,53,16,17
5052521530,1721586583681,1619,14,1,1,1,1,1,1,1,125,159,6,29,13,137,55,67,75,89
5041915530,1721265083090,1829,14,1,1,1,1,1,1,1,28,47,111,132,11,77,9,125,5,99
5041793247,1721262958938,1536,14,1,1,1,1,1,2,2,98,120,43,132,12,78,20,144,49,127
5041561295,1721258580155,1142,14,1,2,1,2,2,2,1,139,145,132,157,111,167,54,55,14,100
5041370565,1721254714866,2630,14,1,1,2,1,1,2,1,46,108,70,132,76,129,53,164,16,147
5041266109,1721252184117,1981,14,2,1,2,2,1,2,1,1,121,94,132,44,159,32,125,82,100
5041215833,1721250935092,930,14,1,1,1,2,2,2,2,1,3,19,132,8,122,125,141,81,99
5041130827,1721248689252,1715,14,2,2,2,2,2,2,2,28,117,132,150,101,129,141,145,17,81
5041028897,1721245998456,2180,14,2,1,1,1,1,2,2,28,51,83,150,3,26,32,55,115,127
5040966212,1721244229492,1440,14,1,1,2,1,1,1,1,28,139,15,132,110,152,82,115,45,84
5040924754,1721242723061,1138,14,1,2,1,2,2,1,1,108,117,91,132,17,36,54,82,49,71
5034910640,1720394377682,1486,14,2,2,2,2,2,2,1,25,131,43,142,59,129,125,144,18,116
5034463518,1720326221902,2108,14,1,1,1,2,2,1,2,121,131,62,119,133,158,9,32,5,49
5034433612,1720323937223,1864,14,1,2,1,1,2,1,2,3,38,84,91,2,86,123,131,17,115
5034414921,1720322043244,1402,14,1,1,1,2,2,2,2,1,21,64,91,38,45,55,116,87,136
5034281448,1720310711848,1796,14,2,2,2,2,2,1,1,97,153,62,162,24,137,55,116,90,156
5037759781,1720811409808,1431,14,2,2,2,2,2,2,2,38,140,138,162,8,59,55,137,89,131
5037739290,1720808975288,1989,14,1,1,2,1,1,2,1,1,159,29,62,45,55,32,53,76,127
5037723511,1720806555518,2034,14,1,1,2,1,1,1,2,52,77,109,120,55,168,20,82,45,81
5037716654,1720805825759,380,14,2,1,2,2,2,2,2,110,154,17,150,60,157,54,55,57,136
5037705572,1720803500720,1896,14,1,1,1,1,1,2,2,34,39,41,154,29,157,20,125,57,79
5037166332,1720725824321,2018,14,2,2,2,1,2,1,1,52,99,80,114,45,77,55,164,16,17
5037161057,1720724230806,1079,14,2,1,1,2,2,2,2,34,50,48,80,32,159,20,55,6,73
5052534965,1721586881516,1275,14,1,1,1,2,1,1,2,1,12,19,124,4,69,55,82,161,166
5052476208,1721585071032,1364,14,2,1,2,2,2,2,2,51,145,41,93,12,29,44,82,18,25
5052375406,1721581886575,1685,14,1,2,1,2,1,1,2,74,117,31,149,12,76,10,155,103,136
5038527814,1720911916609,1820,14,2,2,2,2,1,1,1,39,117,43,153,11,156,67,74,49,75
5038508670,1720910608741,921,14,2,2,2,2,2,2,2,102,117,15,94,11,77,9,113,106,134
5038430966,1720901363781,1927,14,2,2,1,2,2,2,2,97,117,43,118,35,45,20,54,14,116
5037873255,1720825233736,1450,14,2,1,1,2,2,2,1,84,117,48,80,17,45,10,113,106,126
5036776016,1720661332933,2079,14,2,2,2,2,2,1,2,108,117,86,93,116,125,53,165,5,131
5036749231,1720659205724,1771,14,2,1,2,2,2,1,2,38,117,41,64,7,96,53,82,71,148
5036728740,1720656948552,1757,14,1,1,1,1,1,1,1,84,117,6,93,29,45,74,141,49,100
5055294107,1721685371368,1231,14,1,1,1,1,2,1,1,25,63,43,157,35,129,54,141,136,161
5055148641,1721680966759,1304,14,1,1,1,1,2,1,1,38,114,70,150,45,140,32,53,14,136
5037410258,1720751627990,1699,14,1,1,1,1,1,2,2,28,42,64,70,4,36,17,53,87,156
5037382554,1720749827554,1447,14,1,1,1,2,1,1,1,28,98,70,163,22,151,55,125,85,89
5034247805,1720306328405,1326,14,2,2,2,2,2,2,2,28,47,43,142,55,137,20,27,87,98
5034228834,1720304376601,1498,14,1,1,2,1,1,1,1,28,135,91,150,47,116,55,155,5,161
5032015246,1719979474496,2001,14,1,1,1,1,2,2,2,28,97,42,80,4,36,92,123,81,126
5031986225,1719977097851,1932,14,1,1,1,1,1,2,2,28,68,50,142,11,140,9,54,57,87
5030726177,1719801393636,1876,14,2,2,2,2,2,2,1,28,120,17,29,98,158,53,125,75,76
